slot_index,a_km,e,i_deg,raan_deg,argp_deg,arg_lat_deg
14360,6782.489349,0.000000,48.000000,8.129032,0.000000,0.000000
14364,6782.489349,0.000000,48.000000,10.134603,0.000000,328.913649
14366,6782.489349,0.000000,48.000000,11.137389,0.000000,313.370474
14368,6782.489349,0.000000,48.000000,12.140174,0.000000,297.827298
14371,6782.489349,0.000000,48.000000,13.644353,0.000000,274.512535
14373,6782.489349,0.000000,48.000000,14.647138,0.000000,258.969359
14374,6782.489349,0.000000,48.000000,15.148531,0.000000,251.197772
14377,6782.489349,0.000000,48.000000,16.652709,0.000000,227.883008
14381,6782.489349,0.000000,48.000000,18.658280,0.000000,196.796657
14383,6782.489349,0.000000,48.000000,19.661066,0.000000,181.253482
14384,6782.489349,0.000000,48.000000,20.162458,0.000000,173.481894
14387,6782.489349,0.000000,48.000000,21.666637,0.000000,150.167131
14392,6782.489349,0.000000,48.000000,24.173601,0.000000,111.309192
14395,6782.489349,0.000000,48.000000,25.677779,0.000000,87.994429
14397,6782.489349,0.000000,48.000000,26.680564,0.000000,72.451253
14400,6782.489349,0.000000,48.000000,28.184743,0.000000,49.136490
14405,6782.489349,0.000000,48.000000,30.691706,0.000000,10.278552
14407,6782.489349,0.000000,48.000000,31.694492,0.000000,354.735376
14409,6782.489349,0.000000,48.000000,32.697277,0.000000,339.192201
14414,6782.489349,0.000000,48.000000,35.204241,0.000000,300.334262
14417,6782.489349,0.000000,48.000000,36.708419,0.000000,277.019499
14420,6782.489349,0.000000,48.000000,38.212598,0.000000,253.704735
14424,6782.489349,0.000000,48.000000,40.218169,0.000000,222.618384
14432,6782.489349,0.000000,48.000000,44.229311,0.000000,160.445682
14442,6782.489349,0.000000,48.000000,49.243238,0.000000,82.729805
14447,6782.489349,0.000000,48.000000,51.750202,0.000000,43.871866
14450,6782.489349,0.000000,48.000000,53.254380,0.000000,20.557103
14452,6782.489349,0.000000,48.000000,54.257166,0.000000,5.013928
14453,6782.489349,0.000000,48.000000,54.758559,0.000000,357.242340
14455,6782.489349,0.000000,48.000000,55.761344,0.000000,341.699164
14462,6782.489349,0.000000,48.000000,59.271094,0.000000,287.298050
14477,6782.489349,0.000000,48.000000,66.791985,0.000000,170.724234
14479,6782.489349,0.000000,48.000000,67.794770,0.000000,155.181058
14486,6782.489349,0.000000,48.000000,71.304520,0.000000,100.779944
14490,6782.489349,0.000000,48.000000,73.310091,0.000000,69.693593
14492,6782.489349,0.000000,48.000000,74.312876,0.000000,54.150418
14499,6782.489349,0.000000,48.000000,77.822626,0.000000,359.749304
14504,6782.489349,0.000000,48.000000,80.329589,0.000000,320.891365
14509,6782.489349,0.000000,48.000000,82.836553,0.000000,282.033426
14511,6782.489349,0.000000,48.000000,83.839339,0.000000,266.490251
14521,6782.489349,0.000000,48.000000,88.853266,0.000000,188.774373
14525,6782.489349,0.000000,48.000000,90.858837,0.000000,157.688022
14527,6782.489349,0.000000,48.000000,91.861623,0.000000,142.144847
14530,6782.489349,0.000000,48.000000,93.365801,0.000000,118.830084
14534,6782.489349,0.000000,48.000000,95.371372,0.000000,87.743733
14541,6782.489349,0.000000,48.000000,98.881121,0.000000,33.342618
14542,6782.489349,0.000000,48.000000,99.382514,0.000000,25.571031
14549,6782.489349,0.000000,48.000000,102.892263,0.000000,331.169916
14551,6782.489349,0.000000,48.000000,103.895049,0.000000,315.626741
14553,6782.489349,0.000000,48.000000,104.897834,0.000000,300.083565
14559,6782.489349,0.000000,48.000000,107.906191,0.000000,253.454039
14571,6782.489349,0.000000,48.000000,113.922904,0.000000,160.194986
14577,6782.489349,0.000000,48.000000,116.931261,0.000000,113.565460
14584,6782.489349,0.000000,48.000000,120.441010,0.000000,59.164345
14590,6782.489349,0.000000,48.000000,123.449367,0.000000,12.534819
14591,6782.489349,0.000000,48.000000,123.950759,0.000000,4.763231
14595,6782.489349,0.000000,48.000000,125.956330,0.000000,333.676880
14598,6782.489349,0.000000,48.000000,127.460509,0.000000,310.362117
14600,6782.489349,0.000000,48.000000,128.463294,0.000000,294.818942
14618,6782.489349,0.000000,48.000000,137.488364,0.000000,154.930362
14620,6782.489349,0.000000,48.000000,138.491149,0.000000,139.387187
14636,6782.489349,0.000000,48.000000,146.513433,0.000000,15.041783
14638,6782.489349,0.000000,48.000000,147.516219,0.000000,359.498607
14646,6782.489349,0.000000,48.000000,151.527361,0.000000,297.325905
14648,6782.489349,0.000000,48.000000,152.530146,0.000000,281.782730
14665,6782.489349,0.000000,48.000000,161.053823,0.000000,149.665738
14667,6782.489349,0.000000,48.000000,162.056609,0.000000,134.122563
14670,6782.489349,0.000000,48.000000,163.560787,0.000000,110.807799
14672,6782.489349,0.000000,48.000000,164.563573,0.000000,95.264624
14677,6782.489349,0.000000,48.000000,167.070536,0.000000,56.406685
14680,6782.489349,0.000000,48.000000,168.574715,0.000000,33.091922
14685,6782.489349,0.000000,48.000000,171.081678,0.000000,354.233983
14687,6782.489349,0.000000,48.000000,172.084464,0.000000,338.690808
14688,6782.489349,0.000000,48.000000,172.585857,0.000000,330.919220
14695,6782.489349,0.000000,48.000000,176.095606,0.000000,276.518106
14706,6782.489349,0.000000,48.000000,181.610926,0.000000,191.030641
14708,6782.489349,0.000000,48.000000,182.613712,0.000000,175.487465
14710,6782.489349,0.000000,48.000000,183.616497,0.000000,159.944290
14711,6782.489349,0.000000,48.000000,184.117890,0.000000,152.172702
14717,6782.489349,0.000000,48.000000,187.126247,0.000000,105.543175
14719,6782.489349,0.000000,48.000000,188.129032,0.000000,90.000000
14721,6782.489349,0.000000,48.000000,189.131818,0.000000,74.456825
14724,6782.489349,0.000000,48.000000,190.635996,0.000000,51.142061
14730,6782.489349,0.000000,48.000000,193.644353,0.000000,4.512535
14732,6782.489349,0.000000,48.000000,194.647138,0.000000,348.969359
14734,6782.489349,0.000000,48.000000,195.649924,0.000000,333.426184
14737,6782.489349,0.000000,48.000000,197.154102,0.000000,310.111421
14738,6782.489349,0.000000,48.000000,197.655495,0.000000,302.339833
14741,6782.489349,0.000000,48.000000,199.159673,0.000000,279.025070
14744,6782.489349,0.000000,48.000000,200.663851,0.000000,255.710306
14748,6782.489349,0.000000,48.000000,202.669422,0.000000,224.623955
14756,6782.489349,0.000000,48.000000,206.680564,0.000000,162.451253
14760,6782.489349,0.000000,48.000000,208.686135,0.000000,131.364903
14764,6782.489349,0.000000,48.000000,210.691706,0.000000,100.278552
14768,6782.489349,0.000000,48.000000,212.697277,0.000000,69.192201
14775,6782.489349,0.000000,48.000000,216.207027,0.000000,14.791086
14778,6782.489349,0.000000,48.000000,217.711205,0.000000,351.476323
14780,6782.489349,0.000000,48.000000,218.713990,0.000000,335.933148
14784,6782.489349,0.000000,48.000000,220.719562,0.000000,304.846797
14787,6782.489349,0.000000,48.000000,222.223740,0.000000,281.532033
14788,6782.489349,0.000000,48.000000,222.725133,0.000000,273.760446
14790,6782.489349,0.000000,48.000000,223.727918,0.000000,258.217270
14797,6782.489349,0.000000,48.000000,227.237667,0.000000,203.816156
14803,6782.489349,0.000000,48.000000,230.246024,0.000000,157.186630
14808,6782.489349,0.000000,48.000000,232.752988,0.000000,118.328691
14813,6782.489349,0.000000,48.000000,235.259951,0.000000,79.470752
14817,6782.489349,0.000000,48.000000,237.265523,0.000000,48.384401
14818,6782.489349,0.000000,48.000000,237.766915,0.000000,40.612813
14822,6782.489349,0.000000,48.000000,239.772486,0.000000,9.526462
14824,6782.489349,0.000000,48.000000,240.775272,0.000000,353.983287
14827,6782.489349,0.000000,48.000000,242.279450,0.000000,330.668524
14830,6782.489349,0.000000,48.000000,243.783628,0.000000,307.353760
14833,6782.489349,0.000000,48.000000,245.287807,0.000000,284.038997
14836,6782.489349,0.000000,48.000000,246.791985,0.000000,260.724234
14846,6782.489349,0.000000,48.000000,251.805912,0.000000,183.008357
14853,6782.489349,0.000000,48.000000,255.315662,0.000000,128.607242
14862,6782.489349,0.000000,48.000000,259.828197,0.000000,58.662953
14868,6782.489349,0.000000,48.000000,262.836553,0.000000,12.033426
14871,6782.489349,0.000000,48.000000,264.340731,0.000000,348.718663
14874,6782.489349,0.000000,48.000000,265.844910,0.000000,325.403900
14876,6782.489349,0.000000,48.000000,266.847695,0.000000,309.860724
14878,6782.489349,0.000000,48.000000,267.850481,0.000000,294.317549
14880,6782.489349,0.000000,48.000000,268.853266,0.000000,278.774373
14888,6782.489349,0.000000,48.000000,272.864408,0.000000,216.601671
14892,6782.489349,0.000000,48.000000,274.869979,0.000000,185.515320
14895,6782.489349,0.000000,48.000000,276.374158,0.000000,162.200557
14908,6782.489349,0.000000,48.000000,282.892263,0.000000,61.169916
14912,6782.489349,0.000000,48.000000,284.897834,0.000000,30.083565
14914,6782.489349,0.000000,48.000000,285.900620,0.000000,14.540390
14916,6782.489349,0.000000,48.000000,286.903406,0.000000,358.997214
14917,6782.489349,0.000000,48.000000,287.404798,0.000000,351.225627
14921,6782.489349,0.000000,48.000000,289.410369,0.000000,320.139276
14924,6782.489349,0.000000,48.000000,290.914548,0.000000,296.824513
14926,6782.489349,0.000000,48.000000,291.917333,0.000000,281.281337
14928,6782.489349,0.000000,48.000000,292.920119,0.000000,265.738162
14935,6782.489349,0.000000,48.000000,296.429868,0.000000,211.337047
14937,6782.489349,0.000000,48.000000,297.432653,0.000000,195.793872
14938,6782.489349,0.000000,48.000000,297.934046,0.000000,188.022284
14944,6782.489349,0.000000,48.000000,300.942403,0.000000,141.392758
14950,6782.489349,0.000000,48.000000,303.950759,0.000000,94.763231
14952,6782.489349,0.000000,48.000000,304.953545,0.000000,79.220056
14956,6782.489349,0.000000,48.000000,306.959116,0.000000,48.133705
14958,6782.489349,0.000000,48.000000,307.961901,0.000000,32.590529
14961,6782.489349,0.000000,48.000000,309.466080,0.000000,9.275766
14965,6782.489349,0.000000,48.000000,311.471651,0.000000,338.189415
14977,6782.489349,0.000000,48.000000,317.488364,0.000000,244.930362
14980,6782.489349,0.000000,48.000000,318.992542,0.000000,221.615599
14983,6782.489349,0.000000,48.000000,320.496720,0.000000,198.300836
14985,6782.489349,0.000000,48.000000,321.499506,0.000000,182.757660
14993,6782.489349,0.000000,48.000000,325.510648,0.000000,120.584958
14995,6782.489349,0.000000,48.000000,326.513433,0.000000,105.041783
14997,6782.489349,0.000000,48.000000,327.516219,0.000000,89.498607
14999,6782.489349,0.000000,48.000000,328.519004,0.000000,73.955432
15005,6782.489349,0.000000,48.000000,331.527361,0.000000,27.325905
15014,6782.489349,0.000000,48.000000,336.039896,0.000000,317.381616
15023,6782.489349,0.000000,48.000000,340.552431,0.000000,247.437326
15033,6782.489349,0.000000,48.000000,345.566358,0.000000,169.721448
15035,6782.489349,0.000000,48.000000,346.569144,0.000000,154.178273
15045,6782.489349,0.000000,48.000000,351.583071,0.000000,76.462396
15056,6782.489349,0.000000,48.000000,357.098392,0.000000,350.974930
15073,6782.489349,0.000000,48.000000,5.622068,0.000000,218.857939
15080,6782.489349,0.000000,48.000000,9.131818,0.000000,164.456825
15082,6782.489349,0.000000,48.000000,10.134603,0.000000,148.913649
15088,6782.489349,0.000000,48.000000,13.142960,0.000000,102.284123
15093,6782.489349,0.000000,48.000000,15.649924,0.000000,63.426184
15095,6782.489349,0.000000,48.000000,16.652709,0.000000,47.883008
15097,6782.489349,0.000000,48.000000,17.655495,0.000000,32.339833
15105,6782.489349,0.000000,48.000000,21.666637,0.000000,330.167131
15107,6782.489349,0.000000,48.000000,22.669422,0.000000,314.623955
15110,6782.489349,0.000000,48.000000,24.173601,0.000000,291.309192
15117,6782.489349,0.000000,48.000000,27.683350,0.000000,236.908078
15122,6782.489349,0.000000,48.000000,30.190314,0.000000,198.050139
15124,6782.489349,0.000000,48.000000,31.193099,0.000000,182.506964
15128,6782.489349,0.000000,48.000000,33.198670,0.000000,151.420613
15130,6782.489349,0.000000,48.000000,34.201456,0.000000,135.877437
15131,6782.489349,0.000000,48.000000,34.702848,0.000000,128.105850
15134,6782.489349,0.000000,48.000000,36.207027,0.000000,104.791086
15137,6782.489349,0.000000,48.000000,37.711205,0.000000,81.476323
15139,6782.489349,0.000000,48.000000,38.713990,0.000000,65.933148
15144,6782.489349,0.000000,48.000000,41.220954,0.000000,27.075209
15146,6782.489349,0.000000,48.000000,42.223740,0.000000,11.532033
15153,6782.489349,0.000000,48.000000,45.733489,0.000000,317.130919
15154,6782.489349,0.000000,48.000000,46.234882,0.000000,309.359331
15160,6782.489349,0.000000,48.000000,49.243238,0.000000,262.729805
15162,6782.489349,0.000000,48.000000,50.246024,0.000000,247.186630
15164,6782.489349,0.000000,48.000000,51.248809,0.000000,231.643454
15168,6782.489349,0.000000,48.000000,53.254380,0.000000,200.557103
15176,6782.489349,0.000000,48.000000,57.265523,0.000000,138.384401
15177,6782.489349,0.000000,48.000000,57.766915,0.000000,130.612813
15183,6782.489349,0.000000,48.000000,60.775272,0.000000,83.983287
15191,6782.489349,0.000000,48.000000,64.786414,0.000000,21.810585
15196,6782.489349,0.000000,48.000000,67.293378,0.000000,342.952646
15201,6782.489349,0.000000,48.000000,69.800341,0.000000,304.094708
15212,6782.489349,0.000000,48.000000,75.315662,0.000000,218.607242
15233,6782.489349,0.000000,48.000000,85.844910,0.000000,55.403900
15249,6782.489349,0.000000,48.000000,93.867194,0.000000,291.058496
15255,6782.489349,0.000000,48.000000,96.875550,0.000000,244.428969
15257,6782.489349,0.000000,48.000000,97.878336,0.000000,228.885794
15261,6782.489349,0.000000,48.000000,99.883907,0.000000,197.799443
15265,6782.489349,0.000000,48.000000,101.889478,0.000000,166.713092
15274,6782.489349,0.000000,48.000000,106.402013,0.000000,96.768802
15276,6782.489349,0.000000,48.000000,107.404798,0.000000,81.225627
15280,6782.489349,0.000000,48.000000,109.410369,0.000000,50.139276
15282,6782.489349,0.000000,48.000000,110.413155,0.000000,34.596100
15287,6782.489349,0.000000,48.000000,112.920119,0.000000,355.738162
15297,6782.489349,0.000000,48.000000,117.934046,0.000000,278.022284
15299,6782.489349,0.000000,48.000000,118.936832,0.000000,262.479109
15303,6782.489349,0.000000,48.000000,120.942403,0.000000,231.392758
15305,6782.489349,0.000000,48.000000,121.945188,0.000000,215.849582
15307,6782.489349,0.000000,48.000000,122.947974,0.000000,200.306407
15308,6782.489349,0.000000,48.000000,123.449367,0.000000,192.534819
15310,6782.489349,0.000000,48.000000,124.452152,0.000000,176.991643
15315,6782.489349,0.000000,48.000000,126.959116,0.000000,138.133705
15317,6782.489349,0.000000,48.000000,127.961901,0.000000,122.590529
15320,6782.489349,0.000000,48.000000,129.466080,0.000000,99.275766
15322,6782.489349,0.000000,48.000000,130.468865,0.000000,83.732591
15324,6782.489349,0.000000,48.000000,131.471651,0.000000,68.189415
15326,6782.489349,0.000000,48.000000,132.474436,0.000000,52.646240
15328,6782.489349,0.000000,48.000000,133.477222,0.000000,37.103064
15330,6782.489349,0.000000,48.000000,134.480007,0.000000,21.559889
15334,6782.489349,0.000000,48.000000,136.485578,0.000000,350.473538
15336,6782.489349,0.000000,48.000000,137.488364,0.000000,334.930362
15345,6782.489349,0.000000,48.000000,142.000899,0.000000,264.986072
15347,6782.489349,0.000000,48.000000,143.003684,0.000000,249.442897
15355,6782.489349,0.000000,48.000000,147.014826,0.000000,187.270195
15358,6782.489349,0.000000,48.000000,148.519004,0.000000,163.955432
15367,6782.489349,0.000000,48.000000,153.031539,0.000000,94.011142
15373,6782.489349,0.000000,48.000000,156.039896,0.000000,47.381616
15377,6782.489349,0.000000,48.000000,158.045467,0.000000,16.295265
15380,6782.489349,0.000000,48.000000,159.549645,0.000000,352.980501
15395,6782.489349,0.000000,48.000000,167.070536,0.000000,236.406685
15396,6782.489349,0.000000,48.000000,167.571929,0.000000,228.635097
15417,6782.489349,0.000000,48.000000,178.101177,0.000000,65.431755
15420,6782.489349,0.000000,48.000000,179.605355,0.000000,42.116992
15423,6782.489349,0.000000,48.000000,181.109534,0.000000,18.802228
15439,6782.489349,0.000000,48.000000,189.131818,0.000000,254.456825
15445,6782.489349,0.000000,48.000000,192.140174,0.000000,207.827298
15456,6782.489349,0.000000,48.000000,197.655495,0.000000,122.339833
15464,6782.489349,0.000000,48.000000,201.666637,0.000000,60.167131
15469,6782.489349,0.000000,48.000000,204.173601,0.000000,21.309192
15475,6782.489349,0.000000,48.000000,207.181957,0.000000,334.679666
15478,6782.489349,0.000000,48.000000,208.686135,0.000000,311.364903
15486,6782.489349,0.000000,48.000000,212.697277,0.000000,249.192201
15490,6782.489349,0.000000,48.000000,214.702848,0.000000,218.105850
15493,6782.489349,0.000000,48.000000,216.207027,0.000000,194.791086
15496,6782.489349,0.000000,48.000000,217.711205,0.000000,171.476323
15500,6782.489349,0.000000,48.000000,219.716776,0.000000,140.389972
15504,6782.489349,0.000000,48.000000,221.722347,0.000000,109.303621
15525,6782.489349,0.000000,48.000000,232.251595,0.000000,306.100279
15532,6782.489349,0.000000,48.000000,235.761344,0.000000,251.699164
15534,6782.489349,0.000000,48.000000,236.764130,0.000000,236.155989
15536,6782.489349,0.000000,48.000000,237.766915,0.000000,220.612813
15540,6782.489349,0.000000,48.000000,239.772486,0.000000,189.526462
15543,6782.489349,0.000000,48.000000,241.276665,0.000000,166.211699
15546,6782.489349,0.000000,48.000000,242.780843,0.000000,142.896936
15549,6782.489349,0.000000,48.000000,244.285021,0.000000,119.582173
15552,6782.489349,0.000000,48.000000,245.789199,0.000000,96.267409
15553,6782.489349,0.000000,48.000000,246.290592,0.000000,88.495822
15561,6782.489349,0.000000,48.000000,250.301734,0.000000,26.323120
15582,6782.489349,0.000000,48.000000,260.830982,0.000000,223.119777
15584,6782.489349,0.000000,48.000000,261.833768,0.000000,207.576602
15591,6782.489349,0.000000,48.000000,265.343517,0.000000,153.175487
15593,6782.489349,0.000000,48.000000,266.346302,0.000000,137.632312
15596,6782.489349,0.000000,48.000000,267.850481,0.000000,114.317549
15599,6782.489349,0.000000,48.000000,269.354659,0.000000,91.002786
15601,6782.489349,0.000000,48.000000,270.357445,0.000000,75.459610
15607,6782.489349,0.000000,48.000000,273.365801,0.000000,28.830084
15613,6782.489349,0.000000,48.000000,276.374158,0.000000,342.200557
15631,6782.489349,0.000000,48.000000,285.399227,0.000000,202.311978
15634,6782.489349,0.000000,48.000000,286.903406,0.000000,178.997214
15636,6782.489349,0.000000,48.000000,287.906191,0.000000,163.454039
15640,6782.489349,0.000000,48.000000,289.911762,0.000000,132.367688
15643,6782.489349,0.000000,48.000000,291.415940,0.000000,109.052925
15646,6782.489349,0.000000,48.000000,292.920119,0.000000,85.738162
15648,6782.489349,0.000000,48.000000,293.922904,0.000000,70.194986
15651,6782.489349,0.000000,48.000000,295.427082,0.000000,46.880223
15653,6782.489349,0.000000,48.000000,296.429868,0.000000,31.337047
15662,6782.489349,0.000000,48.000000,300.942403,0.000000,321.392758
15664,6782.489349,0.000000,48.000000,301.945188,0.000000,305.849582
15669,6782.489349,0.000000,48.000000,304.452152,0.000000,266.991643
15672,6782.489349,0.000000,48.000000,305.956330,0.000000,243.676880
15681,6782.489349,0.000000,48.000000,310.468865,0.000000,173.732591
15684,6782.489349,0.000000,48.000000,311.973043,0.000000,150.417827
15693,6782.489349,0.000000,48.000000,316.485578,0.000000,80.473538
15702,6782.489349,0.000000,48.000000,320.998113,0.000000,10.529248
15711,6782.489349,0.000000,48.000000,325.510648,0.000000,300.584958
15715,6782.489349,0.000000,48.000000,327.516219,0.000000,269.498607
15733,6782.489349,0.000000,48.000000,336.541289,0.000000,129.610028
15743,6782.489349,0.000000,48.000000,341.555216,0.000000,51.894150
15745,6782.489349,0.000000,48.000000,342.558002,0.000000,36.350975
15749,6782.489349,0.000000,48.000000,344.563573,0.000000,5.264624
15752,6782.489349,0.000000,48.000000,346.067751,0.000000,341.949861
15758,6782.489349,0.000000,48.000000,349.076107,0.000000,295.320334
15759,6782.489349,0.000000,48.000000,349.577500,0.000000,287.548747
15779,6782.489349,0.000000,48.000000,359.605355,0.000000,132.116992
15781,6782.489349,0.000000,48.000000,0.608141,0.000000,116.573816
15785,6782.489349,0.000000,48.000000,2.613712,0.000000,85.487465
15789,6782.489349,0.000000,48.000000,4.619283,0.000000,54.401114
15794,6782.489349,0.000000,48.000000,7.126247,0.000000,15.543175
17754,6782.489349,0.000000,49.000000,267.533471,0.000000,263.231198
18498,6782.489349,0.000000,49.000000,280.569683,0.000000,241.169916
18746,6782.489349,0.000000,50.000000,42.592506,0.000000,113.816156
18844,6782.489349,0.000000,50.000000,91.728996,0.000000,72.200557
19466,6782.489349,0.000000,50.000000,43.595292,0.000000,278.272981
19487,6782.489349,0.000000,50.000000,54.124539,0.000000,115.069638
19507,6782.489349,0.000000,50.000000,64.152395,0.000000,319.637883
19514,6782.489349,0.000000,50.000000,67.662144,0.000000,265.236769
19516,6782.489349,0.000000,50.000000,68.664929,0.000000,249.693593
19517,6782.489349,0.000000,50.000000,69.166322,0.000000,241.922006
19519,6782.489349,0.000000,50.000000,70.169108,0.000000,226.378830
19522,6782.489349,0.000000,50.000000,71.673286,0.000000,203.064067
19524,6782.489349,0.000000,50.000000,72.676072,0.000000,187.520891
19526,6782.489349,0.000000,50.000000,73.678857,0.000000,171.977716
19530,6782.489349,0.000000,50.000000,75.684428,0.000000,140.891365
19533,6782.489349,0.000000,50.000000,77.188606,0.000000,117.576602
19534,6782.489349,0.000000,50.000000,77.689999,0.000000,109.805014
19537,6782.489349,0.000000,50.000000,79.194177,0.000000,86.490251
19544,6782.489349,0.000000,50.000000,82.703927,0.000000,32.089136
19546,6782.489349,0.000000,50.000000,83.706712,0.000000,16.545961
19550,6782.489349,0.000000,50.000000,85.712283,0.000000,345.459610
19651,6782.489349,0.000000,50.000000,136.352952,0.000000,280.529248
19657,6782.489349,0.000000,50.000000,139.361308,0.000000,233.899721
19660,6782.489349,0.000000,50.000000,140.865487,0.000000,210.584958
19665,6782.489349,0.000000,50.000000,143.372450,0.000000,171.727019
19672,6782.489349,0.000000,50.000000,146.882200,0.000000,117.325905
19678,6782.489349,0.000000,50.000000,149.890556,0.000000,70.696379
19689,6782.489349,0.000000,50.000000,155.405877,0.000000,345.208914
19693,6782.489349,0.000000,50.000000,157.411448,0.000000,314.122563
19700,6782.489349,0.000000,50.000000,160.921197,0.000000,259.721448
19706,6782.489349,0.000000,50.000000,163.929553,0.000000,213.091922
19718,6782.489349,0.000000,50.000000,169.946267,0.000000,119.832869
19724,6782.489349,0.000000,50.000000,172.954623,0.000000,73.203343
19739,6782.489349,0.000000,50.000000,180.475514,0.000000,316.629526
19742,6782.489349,0.000000,50.000000,181.979693,0.000000,293.314763
19796,6782.489349,0.000000,50.000000,209.054902,0.000000,233.649025
19801,6782.489349,0.000000,50.000000,211.561865,0.000000,194.791086
19802,6782.489349,0.000000,50.000000,212.063258,0.000000,187.019499
19816,6782.489349,0.000000,50.000000,219.082757,0.000000,78.217270
19817,6782.489349,0.000000,50.000000,219.584150,0.000000,70.445682
19822,6782.489349,0.000000,50.000000,222.091113,0.000000,31.587744
19826,6782.489349,0.000000,50.000000,224.096684,0.000000,0.501393
19835,6782.489349,0.000000,50.000000,228.609219,0.000000,290.557103
19845,6782.489349,0.000000,50.000000,233.623147,0.000000,212.841226
19935,6782.489349,0.000000,50.000000,278.748495,0.000000,233.398329
19991,6782.489349,0.000000,50.000000,306.826489,0.000000,158.189415
19994,6782.489349,0.000000,50.000000,308.330668,0.000000,134.874652
19997,6782.489349,0.000000,50.000000,309.834846,0.000000,111.559889
20003,6782.489349,0.000000,50.000000,312.843202,0.000000,64.930362
20012,6782.489349,0.000000,50.000000,317.355737,0.000000,354.986072
20016,6782.489349,0.000000,50.000000,319.361308,0.000000,323.899721
20021,6782.489349,0.000000,50.000000,321.868272,0.000000,285.041783
20028,6782.489349,0.000000,50.000000,325.378021,0.000000,230.640669
20030,6782.489349,0.000000,50.000000,326.380807,0.000000,215.097493
20037,6782.489349,0.000000,50.000000,329.890556,0.000000,160.696379
20062,6782.489349,0.000000,50.000000,342.425375,0.000000,326.406685
20068,6782.489349,0.000000,50.000000,345.433732,0.000000,279.777159
20070,6782.489349,0.000000,50.000000,346.436517,0.000000,264.233983
20074,6782.489349,0.000000,50.000000,348.442088,0.000000,233.147632
20077,6782.489349,0.000000,50.000000,349.946267,0.000000,209.832869
20080,6782.489349,0.000000,50.000000,351.450445,0.000000,186.518106
20081,6782.489349,0.000000,50.000000,351.951838,0.000000,178.746518
20100,6782.489349,0.000000,50.000000,1.478300,0.000000,31.086351
20722,6782.489349,0.000000,36.000000,320.312337,0.000000,237.158774
20726,6782.489349,0.000000,36.000000,322.317908,0.000000,206.072423
20944,6782.489349,0.000000,36.000000,71.621529,0.000000,311.866295
20946,6782.489349,0.000000,36.000000,72.624315,0.000000,296.323120
20948,6782.489349,0.000000,36.000000,73.627100,0.000000,280.779944
20950,6782.489349,0.000000,36.000000,74.629886,0.000000,265.236769
20954,6782.489349,0.000000,36.000000,76.635457,0.000000,234.150418
20957,6782.489349,0.000000,36.000000,78.139635,0.000000,210.835655
20958,6782.489349,0.000000,36.000000,78.641028,0.000000,203.064067
20961,6782.489349,0.000000,36.000000,80.145206,0.000000,179.749304
20963,6782.489349,0.000000,36.000000,81.147992,0.000000,164.206128
20966,6782.489349,0.000000,36.000000,82.652170,0.000000,140.891365
20972,6782.489349,0.000000,36.000000,85.660527,0.000000,94.261838
20981,6782.489349,0.000000,36.000000,90.173061,0.000000,24.317549
20984,6782.489349,0.000000,36.000000,91.677240,0.000000,1.002786
21023,6782.489349,0.000000,36.000000,111.231557,0.000000,57.910864
21044,6782.489349,0.000000,36.000000,121.760805,0.000000,254.707521
21049,6782.489349,0.000000,36.000000,124.267769,0.000000,215.849582
21052,6782.489349,0.000000,36.000000,125.771947,0.000000,192.534819
21055,6782.489349,0.000000,36.000000,127.276125,0.000000,169.220056
21061,6782.489349,0.000000,36.000000,130.284482,0.000000,122.590529
21064,6782.489349,0.000000,36.000000,131.788660,0.000000,99.275766
21076,6782.489349,0.000000,36.000000,137.805373,0.000000,6.016713
21082,6782.489349,0.000000,36.000000,140.813730,0.000000,319.387187
21087,6782.489349,0.000000,36.000000,143.320694,0.000000,280.529248
21089,6782.489349,0.000000,36.000000,144.323479,0.000000,264.986072
21110,6782.489349,0.000000,36.000000,154.852727,0.000000,101.782730
21114,6782.489349,0.000000,36.000000,156.858298,0.000000,70.696379
21128,6782.489349,0.000000,36.000000,163.877797,0.000000,321.894150
21131,6782.489349,0.000000,36.000000,165.381975,0.000000,298.579387
21138,6782.489349,0.000000,36.000000,168.891724,0.000000,244.178273
21236,6782.489349,0.000000,36.000000,218.028215,0.000000,202.562674
21240,6782.489349,0.000000,36.000000,220.033786,0.000000,171.476323
21242,6782.489349,0.000000,36.000000,221.036571,0.000000,155.933148
21244,6782.489349,0.000000,36.000000,222.039357,0.000000,140.389972
21245,6782.489349,0.000000,36.000000,222.540749,0.000000,132.618384
21250,6782.489349,0.000000,36.000000,225.047713,0.000000,93.760446
21253,6782.489349,0.000000,36.000000,226.551891,0.000000,70.445682
21256,6782.489349,0.000000,36.000000,228.056070,0.000000,47.130919
21259,6782.489349,0.000000,36.000000,229.560248,0.000000,23.816156
21263,6782.489349,0.000000,36.000000,231.565819,0.000000,352.729805
21266,6782.489349,0.000000,36.000000,233.069997,0.000000,329.415042
21275,6782.489349,0.000000,36.000000,237.582532,0.000000,259.470752
21282,6782.489349,0.000000,36.000000,241.092281,0.000000,205.069638
21338,6782.489349,0.000000,36.000000,269.170276,0.000000,129.860724
21341,6782.489349,0.000000,36.000000,270.674454,0.000000,106.545961
21344,6782.489349,0.000000,36.000000,272.178632,0.000000,83.231198
21353,6782.489349,0.000000,36.000000,276.691167,0.000000,13.286908
21356,6782.489349,0.000000,36.000000,278.195345,0.000000,349.972145
21362,6782.489349,0.000000,36.000000,281.203702,0.000000,303.342618
21365,6782.489349,0.000000,36.000000,282.707880,0.000000,280.027855
21368,6782.489349,0.000000,36.000000,284.212059,0.000000,256.713092
21374,6782.489349,0.000000,36.000000,287.220415,0.000000,210.083565
21380,6782.489349,0.000000,36.000000,290.228772,0.000000,163.454039
21383,6782.489349,0.000000,36.000000,291.732950,0.000000,140.139276
21396,6782.489349,0.000000,36.000000,298.251056,0.000000,39.108635
21399,6782.489349,0.000000,36.000000,299.755234,0.000000,15.793872
21408,6782.489349,0.000000,36.000000,304.267769,0.000000,305.849582
21426,6782.489349,0.000000,36.000000,313.292839,0.000000,165.961003
21432,6782.489349,0.000000,36.000000,316.301195,0.000000,119.331476
21498,6782.489349,0.000000,36.000000,349.393117,0.000000,326.406685
21508,6782.489349,0.000000,36.000000,354.407045,0.000000,248.690808
21510,6782.489349,0.000000,36.000000,355.409830,0.000000,233.147632
21515,6782.489349,0.000000,36.000000,357.916794,0.000000,194.289694
21522,6782.489349,0.000000,36.000000,1.426543,0.000000,139.888579
21524,6782.489349,0.000000,36.000000,2.429329,0.000000,124.345404
21527,6782.489349,0.000000,36.000000,3.933507,0.000000,101.030641
21529,6782.489349,0.000000,36.000000,4.936293,0.000000,85.487465
21532,6782.489349,0.000000,36.000000,6.440471,0.000000,62.172702
21534,6782.489349,0.000000,36.000000,7.443256,0.000000,46.629526
21539,6782.489349,0.000000,36.000000,9.950220,0.000000,7.771588
